Date,Sales,Orders,Average_Order_Value
2021-01-01,86433,85,1016.86
2021-01-02,85402,79,1081.04
2021-01-03,93981,107,878.33
2021-01-04,90862,98,927.16
2021-01-05,78378,78,1004.85
2021-01-06,81828,86,951.49
2021-01-07,88797,103,862.11
2021-01-08,87334,89,981.28
2021-01-09,93719,94,997.01
2021-01-10,90497,95,952.6
2021-01-11,94335,97,972.53
2021-01-12,94423,102,925.72
2021-01-13,91766,86,1067.05
2021-01-14,97091,111,874.69
2021-01-15,94672,105,901.64
2021-01-16,93754,99,947.01
2021-01-17,99834,98,1018.71
2021-01-18,89916,108,832.56
2021-01-19,98741,117,843.94
2021-01-20,95122,121,786.13
2021-01-21,95075,100,950.75
2021-01-22,93404,109,856.92
2021-01-23,107032,116,922.69
2021-01-24,101399,101,1003.95
2021-01-25,96231,107,899.36
2021-01-26,97140,100,971.4
2021-01-27,101686,110,924.42
2021-01-28,101502,101,1004.97
2021-01-29,102283,104,983.49
2021-01-30,107432,120,895.27
2021-01-31,115700,124,933.06
2021-02-01,100303,97,1034.05
2021-02-02,100396,102,984.27
2021-02-03,99608,119,837.04
2021-02-04,106612,106,1005.77
2021-02-05,109490,127,862.13
2021-02-06,108966,103,1057.92
2021-02-07,106268,103,1031.73
2021-02-08,102407,105,975.3
2021-02-09,109614,114,961.53
2021-02-10,110599,119,929.4
2021-02-11,110266,110,1002.42
2021-02-12,105395,115,916.48
2021-02-13,114500,118,970.34
2021-02-14,114546,112,1022.73
2021-02-15,111070,123,903.01
2021-02-16,114571,127,902.13
2021-02-17,112218,131,856.63
2021-02-18,114828,133,863.37
2021-02-19,112637,140,804.55
2021-02-20,118693,118,1005.87
2021-02-21,120790,110,1098.09
2021-02-22,107448,101,1063.84
2021-02-23,113121,138,819.72
2021-02-24,112995,112,1008.88
2021-02-25,112787,106,1064.03
2021-02-26,114973,126,912.48
2021-02-27,127985,134,955.11
2021-02-28,117906,149,791.32
2021-03-01,122202,126,969.86
2021-03-02,110812,128,865.72
2021-03-03,117416,122,962.43
2021-03-04,120191,146,823.23
2021-03-05,122630,123,996.99
2021-03-06,128223,124,1034.06
2021-03-07,129120,146,884.38
2021-03-08,120006,140,857.19
2021-03-09,120018,154,779.34
2021-03-10,126479,136,929.99
2021-03-11,122274,135,905.73
2021-03-12,117908,143,824.53
2021-03-13,123559,125,988.47
2021-03-14,125029,137,912.62
2021-03-15,127408,147,866.72
2021-03-16,126312,139,908.72
2021-03-17,129276,125,1034.21
2021-03-18,124740,125,997.92
2021-03-19,127867,136,940.2
2021-03-20,134955,135,999.67
2021-03-21,131231,153,857.72
2021-03-22,130658,137,953.71
2021-03-23,126100,131,962.6
2021-03-24,127917,140,913.69
2021-03-25,128301,130,986.93
2021-03-26,125101,141,887.24
2021-03-27,137634,139,990.17
2021-03-28,133786,135,991.01
2021-03-29,131906,184,716.88
2021-03-30,134461,129,1042.33
2021-03-31,134750,191,705.5
2021-04-01,136174,151,901.81
2021-04-02,133171,129,1032.33
2021-04-03,136640,148,923.24
2021-04-04,138611,166,835.01
2021-04-05,127298,148,860.12
2021-04-06,128796,125,1030.37
2021-04-07,129768,163,796.12
2021-04-08,131639,127,1036.53
2021-04-09,138329,146,947.46
2021-04-10,137353,161,853.12
2021-04-11,140119,155,903.99
2021-04-12,143555,165,870.03
2021-04-13,136489,134,1018.57
2021-04-14,141789,141,1005.6
2021-04-15,134642,166,811.1
2021-04-16,138288,151,915.81
2021-04-17,139801,159,879.25
2021-04-18,142909,136,1050.8
2021-04-19,144069,171,842.51
2021-04-20,132863,123,1080.19
2021-04-21,142934,151,946.58
2021-04-22,142387,166,857.75
2021-04-23,138976,155,896.62
2021-04-24,139970,158,885.89
2021-04-25,147125,173,850.43
2021-04-26,140235,146,960.51
2021-04-27,143977,169,851.93
2021-04-28,143335,185,774.78
2021-04-29,150746,164,919.18
2021-04-30,142757,177,806.54
2021-05-01,144019,162,889.01
2021-05-02,149717,171,875.54
2021-05-03,145681,165,882.92
2021-05-04,151082,136,1110.9
2021-05-05,148993,156,955.08
2021-05-06,147106,152,967.8
2021-05-07,152344,189,806.05
2021-05-08,145163,162,896.07
2021-05-09,147882,153,966.55
2021-05-10,142334,164,867.89
2021-05-11,144987,142,1021.04
2021-05-12,140779,165,853.21
2021-05-13,150059,162,926.29
2021-05-14,146423,162,903.85
2021-05-15,145521,151,963.72
2021-05-16,147781,164,901.1
2021-05-17,149467,161,928.37
2021-05-18,152029,163,932.69
2021-05-19,157438,177,889.48
2021-05-20,161756,164,986.32
2021-05-21,150693,156,965.98
2021-05-22,149056,158,943.39
2021-05-23,144089,157,917.76
2021-05-24,150558,149,1010.46
2021-05-25,145860,157,929.04
2021-05-26,147808,160,923.8
2021-05-27,147078,153,961.29
2021-05-28,149348,138,1082.23
2021-05-29,159423,189,843.51
2021-05-30,155473,154,1009.56
2021-05-31,149687,187,800.47
2021-06-01,145871,151,966.03
2021-06-02,143120,133,1076.09
2021-06-03,148588,150,990.59
2021-06-04,150650,156,965.71
2021-06-05,163459,181,903.09
2021-06-06,156196,164,952.41
2021-06-07,155634,167,931.94
2021-06-08,149062,168,887.27
2021-06-09,146069,158,924.49
2021-06-10,147146,152,968.07
2021-06-11,148310,167,888.08
2021-06-12,165731,187,886.26
2021-06-13,152532,181,842.72
2021-06-14,155572,159,978.44
2021-06-15,147802,149,991.96
2021-06-16,156120,161,969.69
2021-06-17,153719,150,1024.79
2021-06-18,151336,158,957.82
2021-06-19,156408,159,983.7
2021-06-20,153692,158,972.73
2021-06-21,154188,164,940.17
2021-06-22,150173,165,910.14
2021-06-23,146740,130,1128.77
2021-06-24,146537,160,915.86
2021-06-25,153092,171,895.27
2021-06-26,163946,166,987.63
2021-06-27,157581,162,972.72
2021-06-28,151845,181,838.92
2021-06-29,153680,148,1038.38
2021-06-30,158282,168,942.15
2021-07-01,153401,178,861.8
2021-07-02,150569,144,1045.62
2021-07-03,161899,162,999.38
2021-07-04,158849,187,849.46
2021-07-05,159327,146,1091.28
2021-07-06,153235,153,1001.54
2021-07-07,146891,155,947.68
2021-07-08,146233,136,1075.24
2021-07-09,159805,166,962.68
2021-07-10,164616,174,946.07
2021-07-11,156032,174,896.74
2021-07-12,150595,151,997.32
2021-07-13,158872,161,986.78
2021-07-14,147288,155,950.25
2021-07-15,148216,167,887.52
2021-07-16,155108,162,957.46
2021-07-17,154906,164,944.55
2021-07-18,156626,186,842.08
2021-07-19,151379,182,831.75
2021-07-20,153597,154,997.38
2021-07-21,158374,213,743.54
2021-07-22,152409,158,964.61
2021-07-23,154858,170,910.93
2021-07-24,147193,140,1051.38
2021-07-25,156156,172,907.88
2021-07-26,148037,148,1000.25
2021-07-27,146302,159,920.14
2021-07-28,147789,154,959.67
2021-07-29,150191,149,1007.99
2021-07-30,155769,171,910.93
2021-07-31,150130,146,1028.29
2021-08-01,156188,179,872.56
2021-08-02,149323,153,975.97
2021-08-03,149978,146,1027.25
2021-08-04,155916,155,1005.91
2021-08-05,153775,139,1106.29
2021-08-06,157322,177,888.82
2021-08-07,155059,185,838.16
2021-08-08,152573,175,871.85
2021-08-09,150148,150,1000.99
2021-08-10,152198,154,988.3
2021-08-11,151853,158,961.09
2021-08-12,146130,170,859.59
2021-08-13,151370,150,1009.13
2021-08-14,156443,184,850.23
2021-08-15,166698,160,1041.86
2021-08-16,159270,135,1179.78
2021-08-17,146941,150,979.61
2021-08-18,149444,150,996.29
2021-08-19,144109,158,912.08
2021-08-20,147996,184,804.33
2021-08-21,156535,174,899.63
2021-08-22,160503,186,862.92
2021-08-23,147259,177,831.97
2021-08-24,147561,136,1085.01
2021-08-25,140808,145,971.09
2021-08-26,149707,153,978.48
2021-08-27,145629,157,927.57
2021-08-28,152499,163,935.58
2021-08-29,150910,147,1026.6
2021-08-30,149907,158,948.78
2021-08-31,142400,143,995.8
2021-09-01,143689,154,933.05
2021-09-02,159855,173,924.02
2021-09-03,144465,173,835.06
2021-09-04,149811,189,792.65
2021-09-05,163003,175,931.45
2021-09-06,163303,171,954.99
2021-09-07,144953,171,847.68
2021-09-08,148567,157,946.29
2021-09-09,151763,159,954.48
2021-09-10,158009,203,778.37
2021-09-11,150297,171,878.93
2021-09-12,153644,156,984.9
2021-09-13,153760,157,979.36
2021-09-14,152235,177,860.08
2021-09-15,148607,154,964.98
2021-09-16,149721,145,1032.56
2021-09-17,144163,142,1015.23
2021-09-18,153809,163,943.61
2021-09-19,153717,168,914.98
2021-09-20,151499,168,901.78
2021-09-21,147997,150,986.65
2021-09-22,152663,158,966.22
2021-09-23,155148,155,1000.95
2021-09-24,151344,158,957.87
2021-09-25,156785,154,1018.08
2021-09-26,155503,162,959.9
2021-09-27,150830,149,1012.28
2021-09-28,147652,145,1018.29
2021-09-29,152397,172,886.03
2021-09-30,150614,187,805.42
2021-10-01,160553,150,1070.35
2021-10-02,162801,168,969.05
2021-10-03,157549,194,812.11
2021-10-04,147975,166,891.42
2021-10-05,146504,145,1010.37
2021-10-06,156975,169,928.85
2021-10-07,152907,168,910.16
2021-10-08,154000,145,1062.07
2021-10-09,148608,172,864.0
2021-10-10,160756,181,888.15
2021-10-11,154256,160,964.1
2021-10-12,147348,150,982.32
2021-10-13,150361,152,989.22
2021-10-14,153813,150,1025.42
2021-10-15,153011,158,968.42
2021-10-16,156114,158,988.06
2021-10-17,157121,169,929.71
2021-10-18,152116,159,956.7
2021-10-19,154105,161,957.17
2021-10-20,160214,166,965.14
2021-10-21,142221,141,1008.66
2021-10-22,152889,154,992.79
2021-10-23,159438,167,954.72
2021-10-24,160170,181,884.92
2021-10-25,152864,160,955.4
2021-10-26,146837,155,947.34
2021-10-27,156428,162,965.6
2021-10-28,162941,145,1123.73
2021-10-29,148486,164,905.4
2021-10-30,164001,167,982.04
2021-10-31,158867,153,1038.35
2021-11-01,155805,163,955.86
2021-11-02,151585,133,1139.74
2021-11-03,155065,169,917.54
2021-11-04,162673,167,974.09
2021-11-05,159702,180,887.23
2021-11-06,169638,184,921.95
2021-11-07,167410,173,967.69
2021-11-08,159861,157,1018.22
2021-11-09,166012,170,976.54
2021-11-10,160424,153,1048.52
2021-11-11,162464,172,944.56
2021-11-12,157698,171,922.21
2021-11-13,164132,141,1164.06
2021-11-14,161000,164,981.71
2021-11-15,164402,184,893.49
2021-11-16,154963,173,895.74
2021-11-17,164107,188,872.91
2021-11-18,160055,156,1025.99
2021-11-19,166515,181,919.97
2021-11-20,169460,176,962.84
2021-11-21,174616,185,943.87
2021-11-22,165558,164,1009.5
2021-11-23,155548,176,883.8
2021-11-24,162678,188,865.31
2021-11-25,158067,163,969.74
2021-11-26,161376,162,996.15
2021-11-27,175381,180,974.34
2021-11-28,171827,194,885.71
2021-11-29,161695,161,1004.32
2021-11-30,160665,180,892.58
2021-12-01,174766,192,910.24
2021-12-02,169541,194,873.92
2021-12-03,172397,164,1051.2
2021-12-04,181727,182,998.5
2021-12-05,185933,186,999.64
2021-12-06,179389,171,1049.06
2021-12-07,166758,142,1174.35
2021-12-08,178863,220,813.01
2021-12-09,178247,200,891.24
2021-12-10,180219,200,901.1
2021-12-11,190567,216,882.25
2021-12-12,174452,202,863.62
2021-12-13,177023,191,926.82
2021-12-14,182792,214,854.17
2021-12-15,173471,178,974.56
2021-12-16,187689,197,952.74
2021-12-17,183168,185,990.1
2021-12-18,190287,192,991.08
2021-12-19,184379,185,996.64
2021-12-20,186585,203,919.14
2021-12-21,188209,168,1120.29
2021-12-22,184932,191,968.23
2021-12-23,185424,231,802.7
2021-12-24,186076,214,869.51
2021-12-25,185967,229,812.08
2021-12-26,189685,199,953.19
2021-12-27,185663,197,942.45
2021-12-28,188578,207,911.0
2021-12-29,191858,173,1109.01
2021-12-30,183105,184,995.14
2021-12-31,187819,186,1009.78
2022-01-01,191129,218,876.74
2022-01-02,181636,209,869.07
2022-01-03,177304,186,953.25
2022-01-04,182440,189,965.29
2022-01-05,185857,232,801.11
2022-01-06,182640,195,936.62
2022-01-07,189102,199,950.26
2022-01-08,192013,206,932.1
2022-01-09,192483,218,882.95
2022-01-10,187229,206,908.88
2022-01-11,195752,209,936.61
2022-01-12,184899,193,958.03
2022-01-13,177353,178,996.37
2022-01-14,194137,187,1038.17
2022-01-15,189909,205,926.39
2022-01-16,193006,211,914.72
2022-01-17,194468,197,987.15
2022-01-18,181921,182,999.57
2022-01-19,184056,201,915.7
2022-01-20,183041,181,1011.28
2022-01-21,187233,182,1028.75
2022-01-22,197846,188,1052.37
2022-01-23,198789,182,1092.25
2022-01-24,193737,220,880.62
2022-01-25,186701,196,952.56
2022-01-26,183229,193,949.37
2022-01-27,194435,206,943.86
2022-01-28,192635,215,895.98
2022-01-29,201893,243,830.84
2022-01-30,203552,213,955.64
2022-01-31,197084,222,887.77
2022-02-01,200452,209,959.1
2022-02-02,198632,224,886.75
2022-02-03,200556,233,860.76
2022-02-04,195569,202,968.16
2022-02-05,203001,211,962.09
2022-02-06,205265,206,996.43
2022-02-07,204141,181,1127.85
2022-02-08,199246,205,971.93
2022-02-09,203932,206,989.96
2022-02-10,200958,233,862.48
2022-02-11,202193,239,846.0
2022-02-12,211522,196,1079.19
2022-02-13,199387,228,874.5
2022-02-14,198587,229,867.19
2022-02-15,198316,209,948.88
2022-02-16,195048,207,942.26
2022-02-17,203060,231,879.05
2022-02-18,210046,227,925.31
2022-02-19,210451,201,1047.02
2022-02-20,213182,241,884.57
2022-02-21,213251,254,839.57
2022-02-22,214880,210,1023.24
2022-02-23,209148,211,991.22
2022-02-24,216103,240,900.43
2022-02-25,210977,256,824.13
2022-02-26,211842,238,890.09
2022-02-27,213483,226,944.62
2022-02-28,205540,197,1043.35
2022-03-01,208748,241,866.17
2022-03-02,211674,224,944.97
2022-03-03,217439,217,1002.02
2022-03-04,222102,292,760.62
2022-03-05,213172,206,1034.82
2022-03-06,221690,259,855.95
2022-03-07,211268,216,978.09
2022-03-08,218612,225,971.61
2022-03-09,216408,209,1035.44
2022-03-10,209279,211,991.84
2022-03-11,222212,292,761.0
2022-03-12,220326,248,888.41
2022-03-13,221156,230,961.55
2022-03-14,214752,230,933.7
2022-03-15,217126,220,986.94
2022-03-16,222497,220,1011.35
2022-03-17,220217,221,996.46
2022-03-18,223042,239,933.23
2022-03-19,228182,284,803.46
2022-03-20,232983,255,913.66
2022-03-21,221481,225,984.36
2022-03-22,216857,251,863.97
2022-03-23,228781,229,999.04
2022-03-24,222959,218,1022.75
2022-03-25,229934,239,962.07
2022-03-26,231608,329,703.98
2022-03-27,229752,271,847.79
2022-03-28,227868,207,1100.81
2022-03-29,235530,260,905.88
2022-03-30,236544,299,791.12
2022-03-31,227953,217,1050.47
2022-04-01,228801,241,949.38
2022-04-02,237857,229,1038.68
2022-04-03,229639,236,973.05
2022-04-04,230869,234,986.62
2022-04-05,229675,235,977.34
2022-04-06,231620,230,1007.04
2022-04-07,226870,200,1134.35
2022-04-08,223874,218,1026.94
2022-04-09,226601,275,824.0
2022-04-10,231299,235,984.25
2022-04-11,230156,221,1041.43
2022-04-12,231289,221,1046.56
2022-04-13,241709,264,915.56
2022-04-14,238347,228,1045.38
2022-04-15,229414,224,1024.17
2022-04-16,240177,208,1154.7
2022-04-17,237144,266,891.52
2022-04-18,233555,257,908.77
2022-04-19,236022,255,925.58
2022-04-20,238322,262,909.63
2022-04-21,234352,267,877.72
2022-04-22,241005,331,728.11
2022-04-23,235911,258,914.38
2022-04-24,241406,246,981.33
2022-04-25,248890,273,911.68
2022-04-26,238521,216,1104.26
2022-04-27,244279,257,950.5
2022-04-28,238548,226,1055.52
2022-04-29,241051,248,971.98
2022-04-30,242978,239,1016.64
2022-05-01,242758,250,971.03
2022-05-02,235803,223,1057.41
2022-05-03,241527,253,954.65
2022-05-04,236034,238,991.74
2022-05-05,243131,248,980.37
2022-05-06,245284,265,925.6
2022-05-07,246808,251,983.3
2022-05-08,244124,216,1130.2
2022-05-09,243204,262,928.26
2022-05-10,240015,244,983.67
2022-05-11,245851,234,1050.65
2022-05-12,233633,224,1043.0
2022-05-13,240591,253,950.95
2022-05-14,237864,313,759.95
2022-05-15,240312,242,993.02
2022-05-16,248888,322,772.94
2022-05-17,246985,231,1069.2
2022-05-18,239920,249,963.53
2022-05-19,236592,230,1028.66
2022-05-20,230203,262,878.64
2022-05-21,245783,298,824.78
2022-05-22,259300,267,971.16
2022-05-23,246040,260,946.31
2022-05-24,241735,265,912.21
2022-05-25,246511,258,955.47
2022-05-26,237553,203,1170.21
2022-05-27,243394,239,1018.38
2022-05-28,249829,242,1032.35
2022-05-29,249139,245,1016.89
2022-05-30,248725,233,1067.49
2022-05-31,246852,264,935.05
2022-06-01,248438,316,786.2
2022-06-02,242459,259,936.14
2022-06-03,249717,246,1015.11
2022-06-04,257623,295,873.3
2022-06-05,246038,263,935.51
2022-06-06,242015,271,893.04
2022-06-07,252122,236,1068.31
2022-06-08,245347,243,1009.66
2022-06-09,252618,252,1002.45
2022-06-10,244398,244,1001.63
2022-06-11,257521,272,946.77
2022-06-12,251644,261,964.15
2022-06-13,247790,290,854.45
2022-06-14,253740,327,775.96
2022-06-15,245137,255,961.32
2022-06-16,242593,249,974.27
2022-06-17,244868,234,1046.44
2022-06-18,253477,236,1074.06
2022-06-19,244446,227,1076.85
2022-06-20,249907,287,870.76
2022-06-21,244657,265,923.23
2022-06-22,252285,255,989.35
2022-06-23,236381,205,1153.08
2022-06-24,243648,228,1068.63
2022-06-25,244126,235,1038.83
2022-06-26,248022,270,918.6
2022-06-27,248376,282,880.77
2022-06-28,246473,243,1014.29
2022-06-29,246154,286,860.68
2022-06-30,246589,265,930.52
2022-07-01,248229,264,940.26
2022-07-02,247280,230,1075.13
2022-07-03,255002,277,920.58
2022-07-04,250302,332,753.92
2022-07-05,249049,251,992.23
2022-07-06,249815,279,895.39
2022-07-07,248635,261,952.62
2022-07-08,256447,272,942.82
2022-07-09,251384,271,927.62
2022-07-10,250377,247,1013.67
2022-07-11,243849,295,826.61
2022-07-12,242574,267,908.52
2022-07-13,241595,240,1006.65
2022-07-14,243171,270,900.63
2022-07-15,246825,301,820.02
2022-07-16,253118,252,1004.44
2022-07-17,251812,242,1040.55
2022-07-18,243604,257,947.88
2022-07-19,251065,317,792.0
2022-07-20,250305,249,1005.24
2022-07-21,246222,301,818.01
2022-07-22,243963,250,975.85
2022-07-23,253828,289,878.3
2022-07-24,252164,294,857.7
2022-07-25,240259,263,913.53
2022-07-26,246426,263,936.98
2022-07-27,247866,276,898.07
2022-07-28,242592,243,998.32
2022-07-29,247449,271,913.1
2022-07-30,244500,238,1027.31
2022-07-31,257012,264,973.53
2022-08-01,252066,282,893.85
2022-08-02,245265,278,882.25
2022-08-03,247988,303,818.44
2022-08-04,235458,242,972.97
2022-08-05,241050,262,920.04
2022-08-06,249382,328,760.31
2022-08-07,245830,271,907.12
2022-08-08,249320,284,877.89
2022-08-09,255043,237,1076.13
2022-08-10,240712,296,813.22
2022-08-11,242189,290,835.13
2022-08-12,246969,238,1037.68
2022-08-13,257613,243,1060.14
2022-08-14,244815,275,890.24
2022-08-15,246890,274,901.06
2022-08-16,253920,254,999.69
2022-08-17,238247,312,763.61
2022-08-18,239872,299,802.25
2022-08-19,243689,263,926.57
2022-08-20,247711,231,1072.34
2022-08-21,253671,277,915.78
2022-08-22,246564,257,959.39
2022-08-23,237452,228,1041.46
2022-08-24,247724,221,1120.92
2022-08-25,242772,269,902.5
2022-08-26,251074,265,947.45
2022-08-27,246985,225,1097.71
2022-08-28,246917,298,828.58
2022-08-29,247691,240,1032.05
2022-08-30,248665,286,869.46
2022-08-31,247226,258,958.24
2022-09-01,237605,255,931.78
2022-09-02,247594,283,874.89
2022-09-03,245004,281,871.9
2022-09-04,250705,258,971.72
2022-09-05,238730,232,1029.01
2022-09-06,247138,263,939.69
2022-09-07,241496,253,954.53
2022-09-08,239352,240,997.3
2022-09-09,248338,285,871.36
2022-09-10,250717,248,1010.96
2022-09-11,246875,243,1015.95
2022-09-12,251678,217,1159.81
2022-09-13,243179,264,921.13
2022-09-14,245323,269,911.98
2022-09-15,246409,244,1009.87
2022-09-16,242435,239,1014.37
2022-09-17,251871,278,906.01
2022-09-18,247381,270,916.23
2022-09-19,243463,245,993.73
2022-09-20,251486,285,882.41
2022-09-21,240713,262,918.75
2022-09-22,234584,245,957.49
2022-09-23,252740,245,1031.59
2022-09-24,261516,290,901.78
2022-09-25,248278,309,803.49
2022-09-26,236948,297,797.8
2022-09-27,244332,288,848.38
2022-09-28,244511,289,846.06
2022-09-29,245018,261,938.77
2022-09-30,240941,282,854.4
2022-10-01,253142,283,894.49
2022-10-02,252982,285,887.66
2022-10-03,239488,262,914.08
2022-10-04,249455,236,1057.01
2022-10-05,255647,255,1002.54
2022-10-06,247289,260,951.11
2022-10-07,245107,268,914.58
2022-10-08,250600,274,914.6
2022-10-09,254127,260,977.41
2022-10-10,239194,240,996.64
2022-10-11,247851,282,878.9
2022-10-12,245488,258,951.5
2022-10-13,255698,325,786.76
2022-10-14,246743,255,967.62
2022-10-15,259680,257,1010.43
2022-10-16,247362,267,926.45
2022-10-17,250629,229,1094.45
2022-10-18,249587,284,878.83
2022-10-19,244408,253,966.04
2022-10-20,249291,263,947.87
2022-10-21,254127,270,941.21
2022-10-22,251898,268,939.92
2022-10-23,245930,257,956.93
2022-10-24,249159,245,1016.98
2022-10-25,245377,231,1062.24
2022-10-26,248102,261,950.58
2022-10-27,249485,246,1014.17
2022-10-28,242392,271,894.44
2022-10-29,247518,245,1010.28
2022-10-30,257183,289,889.91
2022-10-31,248393,239,1039.3
2022-11-01,239440,212,1129.43
2022-11-02,254755,271,940.06
2022-11-03,252696,326,775.14
2022-11-04,248510,274,906.97
2022-11-05,250554,239,1048.34
2022-11-06,260504,262,994.29
2022-11-07,254083,262,969.78
2022-11-08,263507,256,1029.32
2022-11-09,254955,258,988.2
2022-11-10,255093,244,1045.46
2022-11-11,252887,247,1023.83
2022-11-12,262108,245,1069.83
2022-11-13,261546,267,979.57
2022-11-14,260171,254,1024.3
2022-11-15,252503,273,924.92
2022-11-16,253206,281,901.09
2022-11-17,253330,233,1087.25
2022-11-18,259371,268,967.8
2022-11-19,267387,264,1012.83
2022-11-20,258916,270,958.95
2022-11-21,254911,282,903.94
2022-11-22,258583,272,950.67
2022-11-23,256416,241,1063.97
2022-11-24,262163,264,993.04
2022-11-25,248108,305,813.47
2022-11-26,259388,278,933.05
2022-11-27,259960,238,1092.27
2022-11-28,248916,267,932.27
2022-11-29,255404,317,805.69
2022-11-30,256009,232,1103.49
2022-12-01,268614,267,1006.04
2022-12-02,274924,291,944.76
2022-12-03,273714,297,921.6
2022-12-04,270584,261,1036.72
2022-12-05,270878,299,905.95
2022-12-06,276270,265,1042.53
2022-12-07,267577,269,994.71
2022-12-08,268296,277,968.58
2022-12-09,275336,286,962.71
2022-12-10,276759,296,935.0
2022-12-11,281108,272,1033.49
2022-12-12,274075,311,881.27
2022-12-13,277740,339,819.29
2022-12-14,270375,271,997.69
2022-12-15,275434,275,1001.58
2022-12-16,274999,278,989.21
2022-12-17,275439,280,983.71
2022-12-18,274341,297,923.71
2022-12-19,280434,277,1012.4
2022-12-20,276243,292,946.04
2022-12-21,273701,300,912.34
2022-12-22,278351,301,924.75
2022-12-23,284346,256,1110.73
2022-12-24,273996,338,810.64
2022-12-25,278018,281,989.39
2022-12-26,276596,339,815.92
2022-12-27,287824,306,940.6
2022-12-28,283024,309,915.94
2022-12-29,285712,365,782.77
2022-12-30,277638,283,981.05
2022-12-31,282744,307,920.99
2023-01-01,281377,360,781.6
2023-01-02,275644,271,1017.14
2023-01-03,278374,261,1066.57
2023-01-04,275585,258,1068.16
2023-01-05,278209,284,979.61
2023-01-06,278200,292,952.74
2023-01-07,286021,271,1055.43
2023-01-08,286689,264,1085.94
2023-01-09,271806,261,1041.4
2023-01-10,269523,308,875.07
2023-01-11,284686,295,965.04
2023-01-12,286067,290,986.44
2023-01-13,276676,344,804.29
2023-01-14,277949,281,989.14
2023-01-15,287314,254,1131.16
2023-01-16,287110,287,1000.38
2023-01-17,291564,273,1068.0
2023-01-18,286354,297,964.15
2023-01-19,282915,300,943.05
2023-01-20,281128,287,979.54
2023-01-21,290258,328,884.93
2023-01-22,289421,332,871.75
2023-01-23,282263,268,1053.22
2023-01-24,296614,280,1059.34
2023-01-25,295992,340,870.56
2023-01-26,293637,286,1026.7
2023-01-27,284947,302,943.53
2023-01-28,298005,305,977.07
2023-01-29,297604,302,985.44
2023-01-30,292785,284,1030.93
2023-01-31,296986,310,958.02
2023-02-01,294791,277,1064.23
2023-02-02,295831,303,976.34
2023-02-03,295936,296,999.78
2023-02-04,299674,339,883.99
2023-02-05,290683,259,1122.33
2023-02-06,295155,299,987.14
2023-02-07,292846,291,1006.34
2023-02-08,290158,353,821.98
2023-02-09,304054,344,883.88
2023-02-10,304835,291,1047.54
2023-02-11,308239,317,972.36
2023-02-12,303838,381,797.48
2023-02-13,304833,295,1033.33
2023-02-14,299375,330,907.2
2023-02-15,300798,283,1062.89
2023-02-16,295529,313,944.18
2023-02-17,302798,313,967.41
2023-02-18,306345,293,1045.55
2023-02-19,300771,342,879.45
2023-02-20,302462,347,871.65
2023-02-21,302890,324,934.85
2023-02-22,311894,307,1015.94
2023-02-23,308383,366,842.58
2023-02-24,304963,373,817.6
2023-02-25,311082,306,1016.61
2023-02-26,310710,345,900.61
2023-02-27,305644,333,917.85
2023-02-28,302231,377,801.67
2023-03-01,306965,343,894.94
2023-03-02,304828,321,949.62
2023-03-03,303097,296,1023.98
2023-03-04,316059,356,887.81
2023-03-05,316052,292,1082.37
2023-03-06,302282,338,894.33
2023-03-07,310298,347,894.23
2023-03-08,315856,294,1074.34
2023-03-09,316665,327,968.39
2023-03-10,317034,350,905.81
2023-03-11,317610,339,936.9
2023-03-12,314145,297,1057.73
2023-03-13,309082,290,1065.8
2023-03-14,316017,357,885.2
2023-03-15,316677,335,945.3
2023-03-16,321264,336,956.14
2023-03-17,320919,368,872.06
2023-03-18,320368,339,945.04
2023-03-19,315854,332,951.37
2023-03-20,316004,303,1042.92
2023-03-21,318901,305,1045.58
2023-03-22,317494,344,922.95
2023-03-23,316278,339,932.97
2023-03-24,320489,319,1004.67
2023-03-25,322051,357,902.1
2023-03-26,321956,323,996.77
2023-03-27,322144,342,941.94
2023-03-28,319389,366,872.65
2023-03-29,322749,370,872.29
2023-03-30,323327,303,1067.09
2023-03-31,317413,339,936.32
2023-04-01,325314,301,1080.78
2023-04-02,334384,368,908.65
2023-04-03,318615,327,974.36
2023-04-04,314745,276,1140.38
2023-04-05,316313,366,864.24
2023-04-06,325239,407,799.11
2023-04-07,325659,309,1053.91
2023-04-08,329898,373,884.45
2023-04-09,336293,355,947.3
2023-04-10,314700,348,904.31
2023-04-11,328902,339,970.21
2023-04-12,334535,383,873.46
2023-04-13,322817,345,935.7
2023-04-14,326561,331,986.59
2023-04-15,329756,379,870.07
2023-04-16,329488,369,892.92
2023-04-17,327908,356,921.09
2023-04-18,336158,402,836.21
2023-04-19,338356,369,916.95
2023-04-20,328924,343,958.96
2023-04-21,339352,370,917.17
2023-04-22,335777,362,927.56
2023-04-23,343842,363,947.22
2023-04-24,331358,369,897.99
2023-04-25,332690,331,1005.11
2023-04-26,334062,314,1063.89
2023-04-27,347034,380,913.25
2023-04-28,336867,341,987.88
2023-04-29,334655,360,929.6
2023-04-30,342494,350,978.55
2023-05-01,332297,309,1075.39
2023-05-02,332007,335,991.07
2023-05-03,338579,419,808.06
2023-05-04,334906,340,985.02
2023-05-05,336289,321,1047.63
2023-05-06,339863,365,931.13
2023-05-07,341573,332,1028.83
2023-05-08,337725,377,895.82
2023-05-09,327344,394,830.82
2023-05-10,339303,353,961.2
2023-05-11,332122,410,810.05
2023-05-12,330284,355,930.38
2023-05-13,341238,324,1053.2
2023-05-14,342101,429,797.44
2023-05-15,334319,394,848.53
2023-05-16,341390,394,866.47
2023-05-17,331817,351,945.35
2023-05-18,336226,365,921.17
2023-05-19,335621,316,1062.09
2023-05-20,342734,334,1026.15
2023-05-21,344383,348,989.61
2023-05-22,334273,348,960.55
2023-05-23,342243,349,980.64
2023-05-24,339437,385,881.65
2023-05-25,330804,325,1017.86
2023-05-26,330664,384,861.1
2023-05-27,344077,338,1017.98
2023-05-28,343287,329,1043.43
2023-05-29,339461,351,967.13
2023-05-30,339940,363,936.47
2023-05-31,341216,347,983.33
2023-06-01,344595,478,720.91
2023-06-02,335456,344,975.16
2023-06-03,339803,361,941.28
2023-06-04,340272,360,945.2
2023-06-05,342103,340,1006.19
2023-06-06,346512,367,944.17
2023-06-07,339070,395,858.41
2023-06-08,329851,351,939.75
2023-06-09,333533,349,955.68
2023-06-10,342041,357,958.1
2023-06-11,343363,357,961.8
2023-06-12,339615,329,1032.26
2023-06-13,341701,396,862.88
2023-06-14,340196,353,963.73
2023-06-15,346387,329,1052.85
2023-06-16,338686,417,812.2
2023-06-17,342406,355,964.52
2023-06-18,348496,386,902.84
2023-06-19,334981,364,920.28
2023-06-20,343692,392,876.77
2023-06-21,342443,366,935.64
2023-06-22,341357,311,1097.61
2023-06-23,349203,411,849.64
2023-06-24,343787,401,857.32
2023-06-25,355887,421,845.34
2023-06-26,341126,313,1089.86
2023-06-27,336415,368,914.17
2023-06-28,342494,361,948.74
2023-06-29,337351,368,916.71
2023-06-30,338822,387,875.51
2023-07-01,348500,374,931.82
2023-07-02,349219,305,1144.98
2023-07-03,339421,320,1060.69
2023-07-04,346663,393,882.09
2023-07-05,347425,347,1001.22
2023-07-06,348674,395,882.72
2023-07-07,344584,427,806.99
2023-07-08,352825,342,1031.65
2023-07-09,338212,324,1043.86
2023-07-10,340728,330,1032.51
2023-07-11,338239,371,911.7
2023-07-12,342655,366,936.22
2023-07-13,339524,336,1010.49
2023-07-14,341322,348,980.81
2023-07-15,355012,387,917.34
2023-07-16,345750,421,821.26
2023-07-17,343844,359,957.78
2023-07-18,340904,329,1036.18
2023-07-19,342255,401,853.5
2023-07-20,341905,342,999.72
2023-07-21,343858,352,976.87
2023-07-22,351545,348,1010.19
2023-07-23,353674,347,1019.23
2023-07-24,343112,384,893.52
2023-07-25,344329,420,819.83
2023-07-26,336453,371,906.88
2023-07-27,341191,334,1021.53
2023-07-28,345772,381,907.54
2023-07-29,349891,391,894.86
2023-07-30,346899,431,804.87
2023-07-31,345388,317,1089.55
2023-08-01,343559,338,1016.45
2023-08-02,346703,343,1010.8
2023-08-03,342555,333,1028.69
2023-08-04,339602,341,995.9
2023-08-05,347165,373,930.74
2023-08-06,332416,355,936.38
2023-08-07,342777,374,916.52
2023-08-08,324587,280,1159.24
2023-08-09,333200,335,994.63
2023-08-10,342940,376,912.07
2023-08-11,343007,347,988.49
2023-08-12,340079,391,869.77
2023-08-13,342058,320,1068.93
2023-08-14,346883,387,896.34
2023-08-15,338492,342,989.74
2023-08-16,350718,339,1034.57
2023-08-17,340572,347,981.48
2023-08-18,342373,358,956.35
2023-08-19,352271,370,952.08
2023-08-20,345544,365,946.7
2023-08-21,335904,372,902.97
2023-08-22,339883,372,913.66
2023-08-23,340179,318,1069.75
2023-08-24,334163,355,941.3
2023-08-25,339120,382,887.75
2023-08-26,341400,376,907.98
2023-08-27,348869,336,1038.3
2023-08-28,340337,339,1003.94
2023-08-29,338883,341,993.79
2023-08-30,339654,365,930.56
2023-08-31,341114,343,994.5
2023-09-01,342866,382,897.55
2023-09-02,340075,366,929.17
2023-09-03,339871,331,1026.8
2023-09-04,345017,338,1020.76
2023-09-05,338181,388,871.6
2023-09-06,333654,378,882.68
2023-09-07,342023,357,958.05
2023-09-08,342109,314,1089.52
2023-09-09,337637,424,796.31
2023-09-10,345563,355,973.42
2023-09-11,343348,409,839.48
2023-09-12,341733,380,899.3
2023-09-13,342906,372,921.79
2023-09-14,333760,364,916.92
2023-09-15,341589,376,908.48
2023-09-16,343261,361,950.86
2023-09-17,342478,378,906.03
2023-09-18,344099,413,833.17
2023-09-19,346872,343,1011.29
2023-09-20,348328,345,1009.65
2023-09-21,346212,340,1018.27
2023-09-22,339848,411,826.88
2023-09-23,346478,356,973.25
2023-09-24,348395,347,1004.02
2023-09-25,341047,393,867.8
2023-09-26,341152,359,950.28
2023-09-27,344336,366,940.81
2023-09-28,340432,310,1098.17
2023-09-29,337491,306,1102.91
2023-09-30,343486,420,817.82
2023-10-01,348287,303,1149.46
2023-10-02,341035,389,876.7
2023-10-03,342644,333,1028.96
2023-10-04,344224,335,1027.53
2023-10-05,339623,390,870.83
2023-10-06,344818,348,990.86
2023-10-07,347729,369,942.36
2023-10-08,340582,343,992.95
2023-10-09,348249,360,967.36
2023-10-10,339629,325,1045.01
2023-10-11,334563,350,955.89
2023-10-12,337442,360,937.34
2023-10-13,337688,325,1039.04
2023-10-14,347161,348,997.59
2023-10-15,345843,343,1008.29
2023-10-16,341213,380,897.93
2023-10-17,345675,399,866.35
2023-10-18,344580,381,904.41
2023-10-19,344641,383,899.85
2023-10-20,345236,341,1012.42
2023-10-21,350844,341,1028.87
2023-10-22,338769,361,938.42
2023-10-23,342304,322,1063.06
2023-10-24,334327,316,1058.0
2023-10-25,344500,355,970.42
2023-10-26,344522,390,883.39
2023-10-27,349457,325,1075.25
2023-10-28,354812,375,946.17
2023-10-29,350601,365,960.55
2023-10-30,343162,372,922.48
2023-10-31,347828,396,878.35
2023-11-01,343506,413,831.73
2023-11-02,346117,346,1000.34
2023-11-03,350808,395,888.12
2023-11-04,348612,292,1193.88
2023-11-05,355006,411,863.76
2023-11-06,350191,412,849.98
2023-11-07,343115,346,991.66
2023-11-08,352067,328,1073.38
2023-11-09,351107,368,954.1
2023-11-10,348707,350,996.31
2023-11-11,349607,436,801.85
2023-11-12,349466,390,896.07
2023-11-13,346713,401,864.62
2023-11-14,351880,441,797.91
2023-11-15,345449,360,959.58
2023-11-16,352034,457,770.32
2023-11-17,344798,408,845.09
2023-11-18,354294,391,906.12
2023-11-19,356038,403,883.47
2023-11-20,362384,369,982.07
2023-11-21,345525,355,973.31
2023-11-22,358694,351,1021.92
2023-11-23,353096,350,1008.85
2023-11-24,354629,341,1039.97
2023-11-25,358174,377,950.06
2023-11-26,360010,370,973.0
2023-11-27,353189,356,992.1
2023-11-28,360801,375,962.14
2023-11-29,352586,384,918.19
2023-11-30,360122,390,923.39
2023-12-01,361519,409,883.91
2023-12-02,369044,375,984.12
2023-12-03,364893,387,942.88
2023-12-04,367671,410,896.76
2023-12-05,372537,415,897.68
2023-12-06,366101,429,853.38
2023-12-07,365983,356,1028.04
2023-12-08,362278,379,955.88
2023-12-09,371191,421,881.69
2023-12-10,365489,360,1015.25
2023-12-11,364486,403,904.43
2023-12-12,370057,442,837.23
2023-12-13,375418,364,1031.37
2023-12-14,382575,422,906.58
2023-12-15,367748,401,917.08
2023-12-16,381806,401,952.13
2023-12-17,376907,362,1041.18
2023-12-18,371096,390,951.53
2023-12-19,374195,438,854.33
2023-12-20,373001,375,994.67
2023-12-21,373698,410,911.46
2023-12-22,371846,338,1100.14
2023-12-23,372378,392,949.94
2023-12-24,372213,483,770.63
2023-12-25,378092,386,979.51
2023-12-26,374404,339,1104.44
2023-12-27,373467,347,1076.27
2023-12-28,376691,344,1095.03
2023-12-29,380736,438,869.26
2023-12-30,382981,374,1024.01
2023-12-31,379730,426,891.38
2024-01-01,375280,388,967.22
2024-01-02,377388,445,848.06
2024-01-03,373030,415,898.87
2024-01-04,375711,419,896.68
2024-01-05,377446,369,1022.89
2024-01-06,381974,377,1013.19
2024-01-07,380185,391,972.34
2024-01-08,376150,447,841.5
2024-01-09,376333,407,924.65
2024-01-10,369597,415,890.6
2024-01-11,378231,371,1019.49
2024-01-12,369521,354,1043.84
2024-01-13,377094,365,1033.13
2024-01-14,387084,435,889.85
2024-01-15,381050,521,731.38
2024-01-16,384514,476,807.8
2024-01-17,377153,355,1062.4
2024-01-18,373746,407,918.29
2024-01-19,378406,425,890.37
2024-01-20,385006,356,1081.48
2024-01-21,385462,367,1050.31
2024-01-22,386270,406,951.4
2024-01-23,380105,410,927.09
2024-01-24,383878,409,938.58
2024-01-25,378410,391,967.8
2024-01-26,385451,358,1076.68
2024-01-27,388505,395,983.56
2024-01-28,385684,383,1007.01
2024-01-29,384064,368,1043.65
2024-01-30,384865,449,857.16
2024-01-31,385047,381,1010.62
2024-02-01,394803,426,926.77
2024-02-02,386958,517,748.47
2024-02-03,391373,502,779.63
2024-02-04,383601,442,867.88
2024-02-05,385086,388,992.49
2024-02-06,388495,405,959.25
2024-02-07,387162,401,965.49
2024-02-08,397035,359,1105.95
2024-02-09,390644,460,849.23
2024-02-10,402253,424,948.71
2024-02-11,397300,408,973.77
2024-02-12,393257,441,891.74
2024-02-13,393256,413,952.19
2024-02-14,394238,480,821.33
2024-02-15,402520,379,1062.06
2024-02-16,384911,430,895.14
2024-02-17,391405,352,1111.95
2024-02-18,398529,421,946.62
2024-02-19,397099,385,1031.43
2024-02-20,400697,424,945.04
2024-02-21,400278,422,948.53
2024-02-22,396976,439,904.27
2024-02-23,403845,421,959.25
2024-02-24,408947,419,976.01
2024-02-25,405690,457,887.72
2024-02-26,405243,431,940.24
2024-02-27,402684,447,900.86
2024-02-28,399475,352,1134.87
2024-02-29,405685,430,943.45
2024-03-01,403583,376,1073.36
2024-03-02,408129,437,933.93
2024-03-03,415287,428,970.3
2024-03-04,393663,466,844.77
2024-03-05,398843,436,914.78
2024-03-06,400409,414,967.17
2024-03-07,404641,376,1076.17
2024-03-08,405652,419,968.14
2024-03-09,405035,382,1060.3
2024-03-10,407901,407,1002.21
2024-03-11,404474,374,1081.48
2024-03-12,419917,444,945.76
2024-03-13,417474,366,1140.64
2024-03-14,408017,448,910.75
2024-03-15,408735,460,888.55
2024-03-16,410197,481,852.8
2024-03-17,407276,358,1137.64
2024-03-18,411327,405,1015.62
2024-03-19,407850,442,922.74
2024-03-20,412442,393,1049.47
2024-03-21,406102,404,1005.2
2024-03-22,410350,371,1106.06
2024-03-23,419419,508,825.63
2024-03-24,420867,453,929.07
2024-03-25,417061,457,912.61
2024-03-26,409700,517,792.46
2024-03-27,419945,406,1034.35
2024-03-28,412949,445,927.98
2024-03-29,419846,416,1009.25
2024-03-30,421893,370,1140.25
2024-03-31,416186,452,920.77
2024-04-01,416891,455,916.24
2024-04-02,420389,438,959.79
2024-04-03,421928,410,1029.09
2024-04-04,418957,463,904.87
2024-04-05,426901,475,898.74
2024-04-06,429454,415,1034.83
2024-04-07,424172,433,979.61
2024-04-08,424605,540,786.31
2024-04-09,430329,505,852.14
2024-04-10,430843,403,1069.09
2024-04-11,416883,424,983.21
2024-04-12,418622,471,888.79
2024-04-13,434352,464,936.1
2024-04-14,423281,445,951.19
2024-04-15,417961,414,1009.57
2024-04-16,422088,502,840.81
2024-04-17,426525,483,883.07
2024-04-18,424527,437,971.46
2024-04-19,422408,448,942.88
2024-04-20,427145,429,995.68
2024-04-21,427312,502,851.22
2024-04-22,422392,432,977.76
2024-04-23,436945,421,1037.87
2024-04-24,428339,433,989.24
2024-04-25,431308,449,960.6
2024-04-26,425429,451,943.3
2024-04-27,431599,489,882.62
2024-04-28,429527,455,944.02
2024-04-29,416601,396,1052.02
2024-04-30,422624,449,941.26
2024-05-01,420963,479,878.84
2024-05-02,419267,460,911.45
2024-05-03,424287,439,966.49
2024-05-04,440398,479,919.41
2024-05-05,434500,439,989.75
2024-05-06,436266,440,991.51
2024-05-07,432562,424,1020.19
2024-05-08,434482,408,1064.91
2024-05-09,427150,415,1029.28
2024-05-10,433799,496,874.59
2024-05-11,439453,501,877.15
2024-05-12,433806,460,943.06
2024-05-13,434641,476,913.11
2024-05-14,434887,506,859.46
2024-05-15,430078,470,915.06
2024-05-16,427704,469,911.95
2024-05-17,427629,477,896.5
2024-05-18,438042,474,924.14
2024-05-19,439315,421,1043.5
2024-05-20,429962,445,966.21
2024-05-21,433828,378,1147.69
2024-05-22,436451,453,963.47
2024-05-23,436835,471,927.46
2024-05-24,441201,464,950.86
2024-05-25,444624,458,970.79
2024-05-26,434526,441,985.32
2024-05-27,442258,396,1116.81
2024-05-28,432437,490,882.52
2024-05-29,439668,432,1017.75
2024-05-30,435407,450,967.57
2024-05-31,433376,526,823.91
2024-06-01,431722,427,1011.06
2024-06-02,439205,418,1050.73
2024-06-03,428575,486,881.84
2024-06-04,440056,464,948.4
2024-06-05,442635,545,812.17
2024-06-06,432325,509,849.36
2024-06-07,437367,423,1033.96
2024-06-08,437337,479,913.02
2024-06-09,437861,508,861.93
2024-06-10,439758,454,968.63
2024-06-11,436179,480,908.71
2024-06-12,444256,487,912.23
2024-06-13,434329,430,1010.07
2024-06-14,441062,515,856.43
2024-06-15,441566,503,877.86
2024-06-16,444768,462,962.7
2024-06-17,434729,423,1027.73
2024-06-18,436569,416,1049.44
2024-06-19,436319,487,895.93
2024-06-20,433119,423,1023.92
2024-06-21,439900,496,886.9
2024-06-22,444382,405,1097.24
2024-06-23,444158,517,859.11
2024-06-24,443932,420,1056.98
2024-06-25,443562,494,897.9
2024-06-26,435374,392,1110.65
2024-06-27,438758,440,997.18
2024-06-28,434288,500,868.58
2024-06-29,441710,486,908.87
2024-06-30,438915,433,1013.66
2024-07-01,444409,430,1033.51
2024-07-02,438757,465,943.56
2024-07-03,436139,457,954.35
2024-07-04,442488,438,1010.25
2024-07-05,427342,445,960.32
2024-07-06,432538,511,846.45
2024-07-07,445171,503,885.03
2024-07-08,437348,451,969.73
2024-07-09,438186,418,1048.29
2024-07-10,431071,399,1080.38
2024-07-11,436914,432,1011.38
2024-07-12,446011,458,973.82
2024-07-13,445179,441,1009.48
2024-07-14,442206,493,896.97
2024-07-15,434938,464,937.37
2024-07-16,435106,492,884.36
2024-07-17,427268,503,849.44
2024-07-18,437974,448,977.62
2024-07-19,440583,457,964.08
2024-07-20,434150,432,1004.98
2024-07-21,438225,441,993.71
2024-07-22,431452,445,969.56
2024-07-23,432275,435,993.74
2024-07-24,436816,461,947.54
2024-07-25,427152,435,981.96
2024-07-26,439251,492,892.79
2024-07-27,444333,454,978.71
2024-07-28,439764,438,1004.03
2024-07-29,425184,474,897.01
2024-07-30,431815,453,953.23
2024-07-31,441799,491,899.79
2024-08-01,423701,467,907.28
2024-08-02,434589,505,860.57
2024-08-03,435293,414,1051.43
2024-08-04,444174,429,1035.37
2024-08-05,432966,436,993.04
2024-08-06,437772,395,1108.28
2024-08-07,438449,469,934.86
2024-08-08,444119,372,1193.87
2024-08-09,434893,467,931.25
2024-08-10,441950,455,971.32
2024-08-11,433527,472,918.49
2024-08-12,441019,450,980.04
2024-08-13,432193,425,1016.92
2024-08-14,433046,460,941.4
2024-08-15,435424,399,1091.29
2024-08-16,428447,442,969.34
2024-08-17,440967,454,971.29
2024-08-18,444249,506,877.96
2024-08-19,436672,444,983.5
2024-08-20,428165,456,938.96
2024-08-21,434719,482,901.91
2024-08-22,438579,494,887.81
2024-08-23,426754,367,1162.82
2024-08-24,434835,468,929.13
2024-08-25,443584,532,833.8
2024-08-26,436325,488,894.11
2024-08-27,436935,462,945.75
2024-08-28,443423,446,994.22
2024-08-29,437140,440,993.5
2024-08-30,437970,436,1004.52
2024-08-31,451689,503,897.99
2024-09-01,438511,449,976.64
2024-09-02,431368,490,880.34
2024-09-03,436871,485,900.76
2024-09-04,436912,498,877.33
2024-09-05,432560,506,854.86
2024-09-06,430280,416,1034.33
2024-09-07,449818,448,1004.06
2024-09-08,440896,429,1027.73
2024-09-09,431635,453,952.84
2024-09-10,439059,434,1011.66
2024-09-11,434457,537,809.04
2024-09-12,433824,426,1018.37
2024-09-13,437509,454,963.68
2024-09-14,433686,434,999.28
2024-09-15,441110,450,980.24
2024-09-16,443659,509,871.63
2024-09-17,437179,527,829.56
2024-09-18,433423,485,893.66
2024-09-19,432872,435,995.11
2024-09-20,433349,431,1005.45
2024-09-21,438599,522,840.23
2024-09-22,438091,503,870.96
2024-09-23,439468,493,891.42
2024-09-24,427603,464,921.56
2024-09-25,439343,522,841.65
2024-09-26,433821,519,835.88
2024-09-27,437295,495,883.42
2024-09-28,435102,455,956.27
2024-09-29,446230,522,854.85
2024-09-30,441440,469,941.24
2024-10-01,440239,425,1035.86
2024-10-02,429196,507,846.54
2024-10-03,439840,471,933.84
2024-10-04,438031,424,1033.09
2024-10-05,433591,473,916.68
2024-10-06,440815,488,903.31
2024-10-07,438179,420,1043.28
2024-10-08,439161,475,924.55
2024-10-09,437580,421,1039.38
2024-10-10,438222,445,984.77
2024-10-11,443676,481,922.4
2024-10-12,447200,452,989.38
2024-10-13,428925,440,974.83
2024-10-14,436046,423,1030.84
2024-10-15,436887,482,906.4
2024-10-16,429902,451,953.22
2024-10-17,438374,464,944.77
2024-10-18,443738,441,1006.21
2024-10-19,437903,505,867.13
2024-10-20,444485,431,1031.29
2024-10-21,434534,440,987.58
2024-10-22,435820,516,844.61
2024-10-23,445686,426,1046.21
2024-10-24,436796,387,1128.67
2024-10-25,441522,429,1029.19
2024-10-26,435732,409,1065.36
2024-10-27,452748,473,957.18
2024-10-28,442800,542,816.97
2024-10-29,439493,548,801.99
2024-10-30,443135,457,969.66
2024-10-31,434437,481,903.2
2024-11-01,446344,509,876.9
2024-11-02,444312,470,945.34
2024-11-03,445104,445,1000.23
2024-11-04,439568,527,834.09
2024-11-05,439430,481,913.58
2024-11-06,445437,416,1070.76
2024-11-07,443737,514,863.3
2024-11-08,445797,437,1020.13
2024-11-09,447609,491,911.63
2024-11-10,450247,453,993.92
2024-11-11,441848,426,1037.2
2024-11-12,454067,450,1009.04
2024-11-13,437283,428,1021.69
2024-11-14,450323,525,857.76
2024-11-15,451121,434,1039.45
2024-11-16,445951,506,881.33
2024-11-17,460144,474,970.77
2024-11-18,450424,464,970.74
2024-11-19,450651,456,988.27
2024-11-20,446749,457,977.57
2024-11-21,445992,505,883.15
2024-11-22,446380,530,842.23
2024-11-23,453937,445,1020.08
2024-11-24,458847,476,963.96
2024-11-25,449225,431,1042.29
2024-11-26,444679,470,946.13
2024-11-27,452868,541,837.09
2024-11-28,453685,442,1026.44
2024-11-29,452873,492,920.47
2024-11-30,458174,469,976.92
2024-12-01,462996,515,899.02
2024-12-02,455937,422,1080.42
2024-12-03,456616,519,879.8
2024-12-04,453574,491,923.78
2024-12-05,462415,482,959.37
2024-12-06,461394,535,862.42
2024-12-07,464714,476,976.29
2024-12-08,453822,421,1077.96
2024-12-09,457443,502,911.24
2024-12-10,468538,477,982.26
2024-12-11,460945,631,730.5
2024-12-12,466005,492,947.16
2024-12-13,458575,496,924.55
2024-12-14,476262,538,885.25
2024-12-15,469599,453,1036.64
2024-12-16,467515,506,923.94
2024-12-17,477143,510,935.57
2024-12-18,473972,515,920.33
2024-12-19,466243,585,797.0
2024-12-20,465432,542,858.73
2024-12-21,471619,459,1027.49
2024-12-22,475864,609,781.39
2024-12-23,469086,528,888.42
2024-12-24,468274,510,918.18
2024-12-25,477151,438,1089.39
2024-12-26,470535,465,1011.9
2024-12-27,481901,532,905.83
2024-12-28,476967,452,1055.24
2024-12-29,485103,545,890.1
2024-12-30,474690,461,1029.7
2024-12-31,477931,568,841.43
2025-01-01,461661,446,1035.11
2025-01-02,461600,503,917.69
2025-01-03,468033,539,868.34
2025-01-04,475438,510,932.23
2025-01-05,471699,485,972.58
2025-01-06,461759,507,910.77
2025-01-07,461960,465,993.46
2025-01-08,462195,512,902.72
2025-01-09,461201,461,1000.44
2025-01-10,470188,477,985.72
2025-01-11,479801,508,944.49
2025-01-12,475222,520,913.89
2025-01-13,461157,479,962.75
2025-01-14,471020,474,993.71
2025-01-15,471696,423,1115.12
2025-01-16,482413,471,1024.23
2025-01-17,466978,454,1028.59
2025-01-18,476833,398,1198.07
2025-01-19,486824,491,991.49
2025-01-20,477232,483,988.06
2025-01-21,478302,475,1006.95
2025-01-22,476844,549,868.57
2025-01-23,478375,523,914.67
2025-01-24,480953,529,909.17
2025-01-25,478876,478,1001.83
2025-01-26,487036,520,936.61
2025-01-27,472972,492,961.33
2025-01-28,481195,464,1037.06
2025-01-29,481090,472,1019.26
2025-01-30,478080,510,937.41
2025-01-31,481320,537,896.31
2025-02-01,483690,465,1040.19
2025-02-02,482238,477,1010.98
2025-02-03,481539,586,821.74
2025-02-04,478732,518,924.19
2025-02-05,485722,504,963.73
2025-02-06,479664,474,1011.95
2025-02-07,488612,478,1022.2
2025-02-08,485161,499,972.27
2025-02-09,488498,490,996.93
2025-02-10,484304,507,955.23
2025-02-11,493645,551,895.91
2025-02-12,489736,527,929.29
2025-02-13,487863,513,951.0
2025-02-14,491625,519,947.25
2025-02-15,484963,607,798.95
2025-02-16,494815,539,918.02
2025-02-17,500061,524,954.31
2025-02-18,492229,531,926.98
2025-02-19,492499,529,931.0
2025-02-20,495219,501,988.46
2025-02-21,497339,576,863.44
2025-02-22,489376,597,819.73
2025-02-23,491349,533,921.86
2025-02-24,495918,490,1012.08
2025-02-25,492305,454,1084.37
2025-02-26,501975,496,1012.05
2025-02-27,495199,595,832.27
2025-02-28,488457,524,932.17
2025-03-01,496499,512,969.72
2025-03-02,490371,509,963.4
2025-03-03,497729,501,993.47
2025-03-04,498471,569,876.05
2025-03-05,497942,521,955.74
2025-03-06,505237,514,982.95
2025-03-07,506304,498,1016.67
2025-03-08,505169,570,886.26
2025-03-09,496852,539,921.8
2025-03-10,505256,689,733.32
2025-03-11,505494,561,901.06
2025-03-12,504900,556,908.09
2025-03-13,508435,585,869.12
2025-03-14,499284,518,963.87
2025-03-15,518570,548,946.3
2025-03-16,505714,657,769.73
2025-03-17,509400,527,966.6
2025-03-18,498930,570,875.32
2025-03-19,502827,508,989.82
2025-03-20,514324,607,847.32
2025-03-21,506809,532,952.65
2025-03-22,516743,557,927.73
2025-03-23,514505,528,974.44
2025-03-24,508938,530,960.26
2025-03-25,516016,555,929.76
2025-03-26,509278,616,826.75
2025-03-27,502789,604,832.43
2025-03-28,507644,562,903.28
2025-03-29,518691,546,949.98
2025-03-30,518437,575,901.63
2025-03-31,505549,506,999.11
2025-04-01,509780,550,926.87
2025-04-02,510857,585,873.26
2025-04-03,512260,552,928.01
2025-04-04,508138,525,967.88
2025-04-05,516424,529,976.23
2025-04-06,516389,469,1101.04
2025-04-07,519052,579,896.46
2025-04-08,519628,550,944.78
2025-04-09,515733,524,984.22
2025-04-10,515023,543,948.48
2025-04-11,517810,569,910.04
2025-04-12,518394,628,825.47
2025-04-13,517291,569,909.12
2025-04-14,514099,595,864.03
2025-04-15,515847,635,812.36
2025-04-16,513837,580,885.93
2025-04-17,520165,600,866.94
2025-04-18,523078,525,996.34
2025-04-19,517506,518,999.05
2025-04-20,525109,598,878.11
2025-04-21,519849,559,929.96
2025-04-22,522714,652,801.71
2025-04-23,521452,573,910.04
2025-04-24,515297,525,981.52
2025-04-25,516479,508,1016.69
2025-04-26,527110,590,893.41
2025-04-27,531919,514,1034.86
2025-04-28,513132,619,828.97
2025-04-29,524954,617,850.82
2025-04-30,529047,525,1007.71
2025-05-01,523296,483,1083.43
2025-05-02,526746,532,990.12
2025-05-03,525887,555,947.54
2025-05-04,528789,683,774.22
2025-05-05,517801,657,788.13
2025-05-06,514810,536,960.47
2025-05-07,529861,575,921.5
2025-05-08,521440,605,861.88
2025-05-09,524071,549,954.59
2025-05-10,524625,547,959.1
2025-05-11,524757,512,1024.92
2025-05-12,526052,547,961.7
2025-05-13,523778,500,1047.56
2025-05-14,528984,556,951.41
2025-05-15,529536,563,940.56
2025-05-16,529154,511,1035.53
2025-05-17,533490,612,871.72
2025-05-18,539717,459,1175.85
2025-05-19,523509,534,980.35
2025-05-20,528256,539,980.07
2025-05-21,533786,538,992.17
2025-05-22,534559,486,1099.92
2025-05-23,522645,516,1012.88
2025-05-24,532308,648,821.46
2025-05-25,539989,508,1062.97
2025-05-26,531824,576,923.31
2025-05-27,530571,554,957.71
2025-05-28,528862,624,847.54
2025-05-29,528259,532,992.97
2025-05-30,531423,592,897.67
2025-05-31,533625,557,958.03
2025-06-01,534699,577,926.69
2025-06-02,530870,481,1103.68
2025-06-03,527585,476,1108.37
2025-06-04,533147,559,953.75
2025-06-05,543977,570,954.35
2025-06-06,522973,568,920.73
2025-06-07,537029,517,1038.74
2025-06-08,532248,576,924.04
2025-06-09,533860,583,915.71
2025-06-10,531559,517,1028.16
2025-06-11,534862,590,906.55
2025-06-12,536802,567,946.74
2025-06-13,532454,647,822.96
2025-06-14,541253,538,1006.05
2025-06-15,525676,476,1104.36
2025-06-16,538945,535,1007.37
2025-06-17,533534,500,1067.07
2025-06-18,536751,608,882.81
2025-06-19,526462,543,969.54
2025-06-20,528260,604,874.6
2025-06-21,537198,577,931.02
2025-06-22,536503,530,1012.27
2025-06-23,533389,557,957.61
2025-06-24,537028,642,836.49
2025-06-25,524232,621,844.17
2025-06-26,536582,639,839.72
2025-06-27,532259,538,989.33
2025-06-28,535822,481,1113.98
2025-06-29,530134,501,1058.15
2025-06-30,534529,670,797.8
2025-07-01,521410,490,1064.1
2025-07-02,535196,522,1025.28
2025-07-03,525566,636,826.36
2025-07-04,532521,575,926.12
2025-07-05,536240,517,1037.21
2025-07-06,542033,545,994.56
2025-07-07,531457,629,844.92
2025-07-08,529126,530,998.35
2025-07-09,529956,680,779.35
2025-07-10,537947,577,932.32
2025-07-11,534613,514,1040.1
2025-07-12,534944,562,951.86
2025-07-13,535592,589,909.32
2025-07-14,525078,514,1021.55
2025-07-15,533851,519,1028.61
2025-07-16,524154,497,1054.64
2025-07-17,535425,525,1019.86
2025-07-18,532588,514,1036.16
2025-07-19,547216,543,1007.76
2025-07-20,531487,547,971.64
2025-07-21,531438,555,957.55
2025-07-22,539953,580,930.95
2025-07-23,537182,630,852.67
2025-07-24,528646,605,873.8
2025-07-25,532744,574,928.13
2025-07-26,536201,553,969.62
2025-07-27,537416,504,1066.3
2025-07-28,528457,558,947.06
2025-07-29,531152,516,1029.36
2025-07-30,524316,506,1036.2
2025-07-31,532067,571,931.82
2025-08-01,533436,535,997.08
2025-08-02,534838,575,930.15
2025-08-03,528545,501,1054.98
2025-08-04,535711,535,1001.33
2025-08-05,532854,623,855.3
2025-08-06,527897,548,963.32
2025-08-07,529852,490,1081.33
2025-08-08,524312,560,936.27
2025-08-09,530901,539,984.97
2025-08-10,533046,536,994.49
2025-08-11,536446,619,866.63
2025-08-12,527992,533,990.6
2025-08-13,533703,637,837.84
2025-08-14,528353,587,900.09
2025-08-15,531845,513,1036.73
2025-08-16,534548,546,979.03
2025-08-17,539069,582,926.24
2025-08-18,528190,536,985.43
2025-08-19,523479,554,944.91
2025-08-20,524295,551,951.53
2025-08-21,528081,527,1002.05
2025-08-22,524816,588,892.54
2025-08-23,536746,563,953.37
2025-08-24,532769,576,924.95
2025-08-25,541017,657,823.47
2025-08-26,522480,596,876.64
2025-08-27,531186,494,1075.28
2025-08-28,525166,535,981.62
2025-08-29,527995,626,843.44
2025-08-30,535328,647,827.4
2025-08-31,524206,557,941.12
2025-09-01,531216,494,1075.34
2025-09-02,538696,576,935.24
2025-09-03,528078,501,1054.05
2025-09-04,531276,543,978.41
2025-09-05,534709,541,988.37
2025-09-06,533852,633,843.37
2025-09-07,531971,519,1024.99
2025-09-08,519843,563,923.34
2025-09-09,532970,523,1019.06
2025-09-10,529581,598,885.59
2025-09-11,525540,545,964.29
2025-09-12,530678,543,977.31
2025-09-13,531995,567,938.26
2025-09-14,532261,542,982.03
2025-09-15,532888,574,928.38
2025-09-16,524160,584,897.53
2025-09-17,534923,496,1078.47
2025-09-18,523952,507,1033.44
2025-09-19,527294,593,889.2
2025-09-20,543467,546,995.36
2025-09-21,539929,606,890.97
2025-09-22,530841,621,854.82
2025-09-23,526219,510,1031.8
2025-09-24,528123,649,813.75
2025-09-25,530892,518,1024.89
2025-09-26,530792,571,929.58
2025-09-27,534780,573,933.3
2025-09-28,535120,544,983.68
2025-09-29,529868,532,995.99
2025-09-30,524423,593,884.36
2025-10-01,528670,525,1006.99
2025-10-02,535197,558,959.13
2025-10-03,525015,618,849.54
2025-10-04,534916,571,936.81
2025-10-05,532181,502,1060.12
2025-10-06,531976,491,1083.45
2025-10-07,529836,526,1007.29
2025-10-08,538347,630,854.52
2025-10-09,534098,540,989.07
2025-10-10,526039,517,1017.48
2025-10-11,539592,535,1008.58
2025-10-12,533219,526,1013.72
2025-10-13,529747,541,979.2
2025-10-14,533899,565,944.95
2025-10-15,530422,588,902.08
2025-10-16,536806,673,797.63
2025-10-17,529461,542,976.87
2025-10-18,534825,554,965.39
2025-10-19,534825,538,994.1
2025-10-20,530907,630,842.71
2025-10-21,538577,538,1001.07
2025-10-22,536644,482,1113.37
2025-10-23,541699,566,957.07
2025-10-24,544403,576,945.14
2025-10-25,534259,548,974.93
2025-10-26,539419,485,1112.2
2025-10-27,529519,610,868.06
2025-10-28,531528,550,966.41
2025-10-29,532413,601,885.88
2025-10-30,530717,586,905.66
2025-10-31,530971,561,946.47
2025-11-01,539792,510,1058.42
2025-11-02,535208,489,1094.49
2025-11-03,540220,548,985.8
2025-11-04,532552,579,919.78
2025-11-05,549583,478,1149.76
2025-11-06,535172,584,916.39
2025-11-07,537795,595,903.86
2025-11-08,536416,664,807.86
2025-11-09,550201,518,1062.16
2025-11-10,543346,529,1027.12
2025-11-11,539934,472,1143.93
2025-11-12,532832,635,839.11
2025-11-13,540141,506,1067.47
2025-11-14,534452,559,956.09
2025-11-15,550890,543,1014.53
2025-11-16,548266,670,818.31
2025-11-17,540876,507,1066.82
2025-11-18,529809,523,1013.02
2025-11-19,536679,567,946.52
2025-11-20,544536,544,1000.99
2025-11-21,547241,616,888.38
2025-11-22,551621,610,904.3
2025-11-23,539818,591,913.4
2025-11-24,544196,679,801.47
2025-11-25,547771,538,1018.16
2025-11-26,536106,513,1045.04
2025-11-27,543905,608,894.58
2025-11-28,545550,558,977.69
2025-11-29,547847,590,928.55
2025-11-30,541252,554,976.99
2025-12-01,553013,615,899.21
2025-12-02,553403,629,879.81
2025-12-03,554611,536,1034.72
2025-12-04,553147,585,945.55
2025-12-05,554100,498,1112.65
2025-12-06,560831,588,953.79
2025-12-07,563420,643,876.24
2025-12-08,555984,530,1049.03
2025-12-09,555939,556,999.89
2025-12-10,558632,554,1008.36
2025-12-11,550010,526,1045.65
2025-12-12,561243,625,897.99
2025-12-13,564040,600,940.07
2025-12-14,564672,603,936.44
2025-12-15,564771,667,846.73
2025-12-16,552119,594,929.49
2025-12-17,552488,523,1056.38
2025-12-18,563069,581,969.14
2025-12-19,562276,668,841.73
2025-12-20,568049,688,825.65
2025-12-21,565682,522,1083.68
2025-12-22,566733,601,942.98
2025-12-23,568427,633,897.99
2025-12-24,566897,611,927.82
2025-12-25,564039,678,831.92
2025-12-26,556224,523,1063.53
2025-12-27,574171,625,918.67
2025-12-28,576710,544,1060.13
2025-12-29,570120,598,953.38
2025-12-30,563770,530,1063.72
2025-12-31,571274,589,969.9
